project_name,project_url,user_name
grpc,git@github.com:grpc/grpc.git,grpc
imgui,git@github.com:ocornut/imgui.git,ocornut
xgboost,git@github.com:dmlc/xgboost.git,dmlc
json,git@github.com:nlohmann/json.git,nlohmann
folly,git@github.com:facebook/folly.git,facebook
Catch2,git@github.com:catchorg/Catch2.git,catchorg
libphonenumber,git@github.com:google/libphonenumber.git,google
interview,git@github.com:huihut/interview.git,huihut
rapidjson,git@github.com:Tencent/rapidjson.git,Tencent
dlib,git@github.com:davisking/dlib.git,davisking
spdlog,git@github.com:gabime/spdlog.git,gabime
openFrameworks,git@github.com:openframeworks/openFrameworks.git,openframeworks
capnproto,git@github.com:capnproto/capnproto.git,capnproto
muduo,git@github.com:chenshuo/muduo.git,chenshuo
pybind11,git@github.com:pybind/pybind11.git,pybind
proxygen,git@github.com:facebook/proxygen.git,facebook
annoy,git@github.com:spotify/annoy.git,spotify
abseil-cpp,git@github.com:abseil/abseil-cpp.git,abseil
libzmq,git@github.com:zeromq/libzmq.git,zeromq
modern-cpp-tutorial,git@github.com:changkun/modern-cpp-tutorial.git,changkun
crow,git@github.com:ipkn/crow.git,ipkn
tiny-dnn,git@github.com:tiny-dnn/tiny-dnn.git,tiny-dnn
arrow,git@github.com:apache/arrow.git,apache
ppsspp,git@github.com:hrydgard/ppsspp.git,hrydgard
Cpp-Primer,git@github.com:Mooophy/Cpp-Primer.git,Mooophy
cpprestsdk,git@github.com:microsoft/cpprestsdk.git,microsoft
STL,git@github.com:microsoft/STL.git,microsoft
catboost,git@github.com:catboost/catboost.git,catboost
re2,git@github.com:google/re2.git,google
jsoncpp,git@github.com:open-source-parsers/jsoncpp.git,open-source-parsers
ArduinoJson,git@github.com:bblanchon/ArduinoJson.git,bblanchon
concurrentqueue,git@github.com:cameron314/concurrentqueue.git,cameron314
libsass,git@github.com:sass/libsass.git,sass
C-Plus-Plus,git@github.com:TheAlgorithms/C-Plus-Plus.git,TheAlgorithms
aleth,git@github.com:ethereum/aleth.git,ethereum
websocketpp,git@github.com:zaphoyd/websocketpp.git,zaphoyd
glog,git@github.com:google/glog.git,google
osrm-backend,git@github.com:Project-OSRM/osrm-backend.git,Project-OSRM
algorithms_and_data_structures,git@github.com:mandliya/algorithms_and_data_structures.git,mandliya
algorithms,git@github.com:xtaci/algorithms.git,xtaci
rippled,git@github.com:ripple/rippled.git,ripple
swig,git@github.com:swig/swig.git,swig
nghttp2,git@github.com:nghttp2/nghttp2.git,nghttp2
CppTemplateTutorial,git@github.com:wuye9036/CppTemplateTutorial.git,wuye9036
mlpack,git@github.com:mlpack/mlpack.git,mlpack
robotstxt,git@github.com:google/robotstxt.git,google
oclint,git@github.com:oclint/oclint.git,oclint
tinyxml2,git@github.com:leethomason/tinyxml2.git,leethomason
ThreadPool,git@github.com:progschj/ThreadPool.git,progschj
GamePlay,git@github.com:gameplay3d/GamePlay.git,gameplay3d
magnum,git@github.com:mosra/magnum.git,mosra
cpp-taskflow,git@github.com:cpp-taskflow/cpp-taskflow.git,cpp-taskflow
zopfli,git@github.com:google/zopfli.git,google
handy,git@github.com:yedf/handy.git,yedf
cppcheck,git@github.com:danmar/cppcheck.git,danmar
Cplusplus-Concurrency-In-Practice,git@github.com:forhappy/Cplusplus-Concurrency-In-Practice.git,forhappy
i2cdevlib,git@github.com:jrowberg/i2cdevlib.git,jrowberg
thrust,git@github.com:thrust/thrust.git,thrust
LeetCode,git@github.com:pezy/LeetCode.git,pezy
cpr,git@github.com:whoshuu/cpr.git,whoshuu
phxpaxos,git@github.com:Tencent/phxpaxos.git,Tencent
entt,git@github.com:skypjack/entt.git,skypjack
range-v3,git@github.com:ericniebler/range-v3.git,ericniebler
beast,git@github.com:boostorg/beast.git,boostorg
easyloggingpp,git@github.com:amrayn/easyloggingpp.git,amrayn
doctest,git@github.com:onqtam/doctest.git,onqtam
AtomicGameEngine,git@github.com:AtomicGameEngine/AtomicGameEngine.git,AtomicGameEngine
cquery,git@github.com:cquery-project/cquery.git,cquery-project
NoahGameFrame,git@github.com:ketoo/NoahGameFrame.git,ketoo
cereal,git@github.com:USCiLab/cereal.git,USCiLab
asm-dom,git@github.com:mbasso/asm-dom.git,mbasso
libtorrent,git@github.com:arvidn/libtorrent.git,arvidn
halley,git@github.com:amzeratul/halley.git,amzeratul
cryptopp,git@github.com:weidai11/cryptopp.git,weidai11
libigl,git@github.com:libigl/libigl.git,libigl
asio,git@github.com:chriskohlhoff/asio.git,chriskohlhoff
actor-framework,git@github.com:actor-framework/actor-framework.git,actor-framework
evpp,git@github.com:Qihoo360/evpp.git,Qihoo360
asmjit,git@github.com:asmjit/asmjit.git,asmjit
deepdetect,git@github.com:jolibrain/deepdetect.git,jolibrain
pugixml,git@github.com:zeux/pugixml.git,zeux
CppPrimer,git@github.com:pezy/CppPrimer.git,pezy
json11,git@github.com:dropbox/json11.git,dropbox
panda3d,git@github.com:panda3d/panda3d.git,panda3d
HIP,git@github.com:ROCm-Developer-Tools/HIP.git,ROCm-Developer-Tools
oatpp,git@github.com:oatpp/oatpp.git,oatpp
Simple-Web-Server,git@github.com:eidheim/Simple-Web-Server.git,eidheim
RxCpp,git@github.com:ReactiveX/RxCpp.git,ReactiveX
libgo,git@github.com:yyzybb537/libgo.git,yyzybb537
ChaiScript,git@github.com:ChaiScript/ChaiScript.git,ChaiScript
sol2,git@github.com:ThePhD/sol2.git,ThePhD
braft,git@github.com:baidu/braft.git,baidu
The-Powder-Toy,git@github.com:The-Powder-Toy/The-Powder-Toy.git,The-Powder-Toy
fbthrift,git@github.com:facebook/fbthrift.git,facebook
JUCE,git@github.com:WeAreROLI/JUCE.git,WeAreROLI
TensorRT,git@github.com:NVIDIA/TensorRT.git,NVIDIA
cpp-httplib,git@github.com:yhirose/cpp-httplib.git,yhirose
msgpack-c,git@github.com:msgpack/msgpack-c.git,msgpack
pistache,git@github.com:oktal/pistache.git,oktal
yaml-cpp,git@github.com:jbeder/yaml-cpp.git,jbeder
QuantLib,git@github.com:lballabio/QuantLib.git,lballabio
musikcube,git@github.com:clangen/musikcube.git,clangen
oryol,git@github.com:floooh/oryol.git,floooh
oboe,git@github.com:google/oboe.git,google
PAT,git@github.com:liuchuo/PAT.git,liuchuo
Krypto-trading-bot,git@github.com:ctubio/Krypto-trading-bot.git,ctubio
include-what-you-use,git@github.com:include-what-you-use/include-what-you-use.git,include-what-you-use
GacUI,git@github.com:vczh-libraries/GacUI.git,vczh-libraries
xtensor,git@github.com:xtensor-stack/xtensor.git,xtensor-stack
silicon,git@github.com:matt-42/silicon.git,matt-42
cpp-cheat-sheet,git@github.com:gibsjose/cpp-cheat-sheet.git,gibsjose
cxxopts,git@github.com:jarro2783/cxxopts.git,jarro2783
MTuner,git@github.com:milostosic/MTuner.git,milostosic
gflags,git@github.com:gflags/gflags.git,gflags
date,git@github.com:HowardHinnant/date.git,HowardHinnant
Kaggle_CrowdFlower,git@github.com:ChenglongChen/Kaggle_CrowdFlower.git,ChenglongChen
nbind,git@github.com:charto/nbind.git,charto
cppjieba,git@github.com:yanyiwu/cppjieba.git,yanyiwu
entityx,git@github.com:alecthomas/entityx.git,alecthomas
LibreCAD,git@github.com:LibreCAD/LibreCAD.git,LibreCAD
cplusplus-_Implementation_Of_Introduction_to_Algorithms,git@github.com:huaxz1986/cplusplus-_Implementation_Of_Introduction_to_Algorithms.git,huaxz1986
readerwriterqueue,git@github.com:cameron314/readerwriterqueue.git,cameron314
rtags,git@github.com:Andersbakken/rtags.git,Andersbakken
WickedEngine,git@github.com:turanszkij/WickedEngine.git,turanszkij
ccls,git@github.com:MaskRay/ccls.git,MaskRay
matplotlib-cpp,git@github.com:lava/matplotlib-cpp.git,lava
libcds,git@github.com:khizmax/libcds.git,khizmax
s2client-api,git@github.com:Blizzard/s2client-api.git,Blizzard
cling,git@github.com:vgvassilev/cling.git,vgvassilev
ogre,git@github.com:OGRECave/ogre.git,OGRECave
nana,git@github.com:cnjinhao/nana.git,cnjinhao
sqlpp11,git@github.com:rbock/sqlpp11.git,rbock
ice,git@github.com:zeroc-ice/ice.git,zeroc-ice
node-qt,git@github.com:arturadib/node-qt.git,arturadib
bsf,git@github.com:GameFoundry/bsf.git,GameFoundry
Vulkan-Hpp,git@github.com:KhronosGroup/Vulkan-Hpp.git,KhronosGroup
rust-bindgen,git@github.com:rust-lang/rust-bindgen.git,rust-lang
simbody,git@github.com:simbody/simbody.git,simbody
icomet,git@github.com:ideawu/icomet.git,ideawu
bgslibrary,git@github.com:andrewssobral/bgslibrary.git,andrewssobral
immer,git@github.com:arximboldi/immer.git,arximboldi
socket.io-client-cpp,git@github.com:socketio/socket.io-client-cpp.git,socketio
differential-privacy,git@github.com:google/differential-privacy.git,google
2048.cpp,git@github.com:plibither8/2048.cpp.git,plibither8
DirectXTK,git@github.com:microsoft/DirectXTK.git,microsoft
protobuf-c,git@github.com:protobuf-c/protobuf-c.git,protobuf-c
backward-cpp,git@github.com:bombela/backward-cpp.git,bombela
phxrpc,git@github.com:Tencent/phxrpc.git,Tencent
cracking-the-coding-interview,git@github.com:Hawstein/cracking-the-coding-interview.git,Hawstein
Flicks,git@github.com:OculusVR/Flicks.git,OculusVR
cling,git@github.com:root-project/cling.git,root-project
hpx,git@github.com:STEllAR-GROUP/hpx.git,STEllAR-GROUP
libtins,git@github.com:mfontanini/libtins.git,mfontanini
node-addon-examples,git@github.com:nodejs/node-addon-examples.git,nodejs
RuntimeCompiledCPlusPlus,git@github.com:RuntimeCompiledCPlusPlus/RuntimeCompiledCPlusPlus.git,RuntimeCompiledCPlusPlus
pythran,git@github.com:serge-sans-paille/pythran.git,serge-sans-paille
libQtShadowsocks,git@github.com:shadowsocks/libQtShadowsocks.git,shadowsocks
drogon,git@github.com:an-tao/drogon.git,an-tao
Play-Leetcode,git@github.com:liuyubobobo/Play-Leetcode.git,liuyubobobo
botan,git@github.com:randombit/botan.git,randombit
codelite,git@github.com:eranif/codelite.git,eranif
co,git@github.com:idealvin/co.git,idealvin
toy,git@github.com:hugoam/toy.git,hugoam
tungsten,git@github.com:tunabrain/tungsten.git,tunabrain
Win2D,git@github.com:microsoft/Win2D.git,microsoft
easy_profiler,git@github.com:yse/easy_profiler.git,yse
ikos,git@github.com:NASA-SW-VnV/ikos.git,NASA-SW-VnV
rttr,git@github.com:rttrorg/rttr.git,rttrorg
boden,git@github.com:AshampooSystems/boden.git,AshampooSystems
PHP-CPP,git@github.com:CopernicaMarketingSoftware/PHP-CPP.git,CopernicaMarketingSoftware
tinyraycaster,git@github.com:ssloy/tinyraycaster.git,ssloy
two,git@github.com:hugoam/two.git,hugoam
ngraph,git@github.com:NervanaSystems/ngraph.git,NervanaSystems
eos,git@github.com:patrikhuber/eos.git,patrikhuber
restbed,git@github.com:Corvusoft/restbed.git,Corvusoft
node.native,git@github.com:d5/node.native.git,d5
dbg-macro,git@github.com:sharkdp/dbg-macro.git,sharkdp
xeus-cling,git@github.com:jupyter-xeus/xeus-cling.git,jupyter-xeus
WebServer,git@github.com:linyacool/WebServer.git,linyacool
BananaBread,git@github.com:kripken/BananaBread.git,kripken
xournalpp,git@github.com:xournalpp/xournalpp.git,xournalpp
CppPatterns-Patterns,git@github.com:sftrabbit/CppPatterns-Patterns.git,sftrabbit
sandboxed-api,git@github.com:google/sandboxed-api.git,google
open-source-search-engine,git@github.com:gigablast/open-source-search-engine.git,gigablast
lodepng,git@github.com:lvandeve/lodepng.git,lvandeve
compute,git@github.com:boostorg/compute.git,boostorg
Mach7,git@github.com:solodon4/Mach7.git,solodon4
bde,git@github.com:bloomberg/bde.git,bloomberg
leetcode,git@github.com:gzwl/leetcode.git,gzwl
libsnark,git@github.com:scipr-lab/libsnark.git,scipr-lab
restclient-cpp,git@github.com:mrtazz/restclient-cpp.git,mrtazz
mshadow,git@github.com:dmlc/mshadow.git,dmlc
libsourcey,git@github.com:sourcey/libsourcey.git,sourcey
zapcc,git@github.com:yrnkrn/zapcc.git,yrnkrn
Mesh,git@github.com:plasma-umass/Mesh.git,plasma-umass
thor-os,git@github.com:wichtounet/thor-os.git,wichtounet
junction,git@github.com:preshing/junction.git,preshing
xbyak,git@github.com:herumi/xbyak.git,herumi
cppinsights,git@github.com:andreasfertig/cppinsights.git,andreasfertig
mathfu,git@github.com:google/mathfu.git,google
Cpp_Primer_Answers,git@github.com:huangmingchuan/Cpp_Primer_Answers.git,huangmingchuan
DSPFilters,git@github.com:vinniefalco/DSPFilters.git,vinniefalco
FunctionalPlus,git@github.com:Dobiasd/FunctionalPlus.git,Dobiasd
c-ares,git@github.com:c-ares/c-ares.git,c-ares
flashlight,git@github.com:facebookresearch/flashlight.git,facebookresearch
aws-sdk-cpp,git@github.com:aws/aws-sdk-cpp.git,aws
sparsehash,git@github.com:sparsehash/sparsehash.git,sparsehash
lullaby,git@github.com:google/lullaby.git,google
ftl,git@github.com:beark/ftl.git,beark
NativeJIT,git@github.com:BitFunnel/NativeJIT.git,BitFunnel
yocto-gl,git@github.com:xelatihy/yocto-gl.git,xelatihy
libbitcoin-system,git@github.com:libbitcoin/libbitcoin-system.git,libbitcoin
CLI11,git@github.com:CLIUtils/CLI11.git,CLIUtils
Simd,git@github.com:ermig1979/Simd.git,ermig1979
quickfix,git@github.com:quickfix/quickfix.git,quickfix
sparsepp,git@github.com:greg7mdp/sparsepp.git,greg7mdp
PcapPlusPlus,git@github.com:seladb/PcapPlusPlus.git,seladb
serial,git@github.com:wjwwood/serial.git,wjwwood
Maximilian,git@github.com:micknoise/Maximilian.git,micknoise
LeetCode-Solutions,git@github.com:kamyu104/LeetCode-Solutions.git,kamyu104
better-enums,git@github.com:aantron/better-enums.git,aantron
nanoflann,git@github.com:jlblancoc/nanoflann.git,jlblancoc
ChrysaLisp,git@github.com:vygr/ChrysaLisp.git,vygr
uvw,git@github.com:skypjack/uvw.git,skypjack
cplusequality,git@github.com:ErisBlastar/cplusequality.git,ErisBlastar
rang,git@github.com:agauniyal/rang.git,agauniyal
ozz-animation,git@github.com:guillaumeblanc/ozz-animation.git,guillaumeblanc
dale,git@github.com:tomhrr/dale.git,tomhrr
Smoothieware,git@github.com:Smoothieware/Smoothieware.git,Smoothieware
jucipp,git@github.com:cppit/jucipp.git,cppit
mio,git@github.com:mandreyel/mio.git,mandreyel
NumCpp,git@github.com:dpilger26/NumCpp.git,dpilger26
fatal,git@github.com:facebook/fatal.git,facebook
MyTinySTL,git@github.com:Alinshans/MyTinySTL.git,Alinshans
log4cplus,git@github.com:log4cplus/log4cplus.git,log4cplus
open-zwave,git@github.com:OpenZWave/open-zwave.git,OpenZWave
FaceTracker,git@github.com:kylemcdonald/FaceTracker.git,kylemcdonald
BizHawk,git@github.com:TASVideos/BizHawk.git,TASVideos
sdk,git@github.com:meganz/sdk.git,meganz
cpp.react,git@github.com:schlangster/cpp.react.git,schlangster
Openwrt-NetKeeper,git@github.com:miao1007/Openwrt-NetKeeper.git,miao1007
ZLMediaKit,git@github.com:xiongziliang/ZLMediaKit.git,xiongziliang
TscanCode,git@github.com:Tencent/TscanCode.git,Tencent
cppcoro,git@github.com:lewissbaker/cppcoro.git,lewissbaker
curlpp,git@github.com:jpbarrette/curlpp.git,jpbarrette
picojson,git@github.com:kazuho/picojson.git,kazuho
forgottenserver,git@github.com:otland/forgottenserver.git,otland
cppwinrt,git@github.com:microsoft/cppwinrt.git,microsoft
ULib,git@github.com:stefanocasazza/ULib.git,stefanocasazza
audiowaveform,git@github.com:bbc/audiowaveform.git,bbc
soci,git@github.com:SOCI/soci.git,SOCI
fizz,git@github.com:facebookincubator/fizz.git,facebookincubator
plog,git@github.com:SergiusTheBest/plog.git,SergiusTheBest
loguru,git@github.com:emilk/loguru.git,emilk
cppitertools,git@github.com:ryanhaining/cppitertools.git,ryanhaining
FastNoise,git@github.com:Auburns/FastNoise.git,Auburns
Vc,git@github.com:VcDevel/Vc.git,VcDevel
libfuzzer-workshop,git@github.com:Dor1s/libfuzzer-workshop.git,Dor1s
color_coded,git@github.com:jeaye/color_coded.git,jeaye
libsimdpp,git@github.com:p12tic/libsimdpp.git,p12tic
cpp_redis,git@github.com:Cylix/cpp_redis.git,Cylix
cppast,git@github.com:foonathan/cppast.git,foonathan
clif,git@github.com:google/clif.git,google
Sophus,git@github.com:strasdat/Sophus.git,strasdat
Selene,git@github.com:jeremyong/Selene.git,jeremyong
gcpp,git@github.com:hsutter/gcpp.git,hsutter
creduce,git@github.com:csmith-project/creduce.git,csmith-project
libgraphqlparser,git@github.com:graphql/libgraphqlparser.git,graphql
rpclib,git@github.com:rpclib/rpclib.git,rpclib
enkiTS,git@github.com:dougbinks/enkiTS.git,dougbinks
phpx,git@github.com:swoole/phpx.git,swoole
osgearth,git@github.com:gwaldron/osgearth.git,gwaldron
docopt.cpp,git@github.com:docopt/docopt.cpp.git,docopt
inspircd,git@github.com:inspircd/inspircd.git,inspircd
sqlite_orm,git@github.com:fnc12/sqlite_orm.git,fnc12
inspector,git@github.com:inspector-repl/inspector.git,inspector-repl
magic_enum,git@github.com:Neargye/magic_enum.git,Neargye
CImg,git@github.com:dtschump/CImg.git,dtschump
cppzmq,git@github.com:zeromq/cppzmq.git,zeromq
treefrog-framework,git@github.com:treefrogframework/treefrog-framework.git,treefrogframework
leetcode,git@github.com:illuz/leetcode.git,illuz
VC-LTL,git@github.com:Chuyu-Team/VC-LTL.git,Chuyu-Team
iod,git@github.com:matt-42/iod.git,matt-42
kfr,git@github.com:kfrlib/kfr.git,kfrlib
cpputest,git@github.com:cpputest/cpputest.git,cpputest
Qv2ray,git@github.com:lhy0403/Qv2ray.git,lhy0403
polylabel,git@github.com:mapbox/polylabel.git,mapbox
graphchi-cpp,git@github.com:GraphChi/graphchi-cpp.git,GraphChi
asyncplusplus,git@github.com:Amanieu/asyncplusplus.git,Amanieu
hypervisor,git@github.com:Bareflank/hypervisor.git,Bareflank
mongo-cxx-driver,git@github.com:mongodb/mongo-cxx-driver.git,mongodb
hnswlib,git@github.com:nmslib/hnswlib.git,nmslib
blink,git@github.com:crosire/blink.git,crosire
chrono,git@github.com:projectchrono/chrono.git,projectchrono
args,git@github.com:Taywee/args.git,Taywee
CTPL,git@github.com:vit-vit/CTPL.git,vit-vit
vireo,git@github.com:twitter/vireo.git,twitter
FakeIt,git@github.com:eranpeer/FakeIt.git,eranpeer
pycdc,git@github.com:zrax/pycdc.git,zrax
node-addon-api,git@github.com:nodejs/node-addon-api.git,nodejs
node-cpp-modules,git@github.com:kkaefer/node-cpp-modules.git,kkaefer
TegraRcmGUI,git@github.com:eliboa/TegraRcmGUI.git,eliboa
minerva,git@github.com:dmlc/minerva.git,dmlc
SublimeClang,git@github.com:quarnster/SublimeClang.git,quarnster
memory,git@github.com:foonathan/memory.git,foonathan
hikyuu,git@github.com:fasiondog/hikyuu.git,fasiondog
pprint,git@github.com:p-ranav/pprint.git,p-ranav
constexpr-8cc,git@github.com:keiichiw/constexpr-8cc.git,keiichiw
TerminalImageViewer,git@github.com:stefanhaustein/TerminalImageViewer.git,stefanhaustein
orbitprofiler,git@github.com:pierricgimmig/orbitprofiler.git,pierricgimmig
directx-sdk-samples,git@github.com:walbourn/directx-sdk-samples.git,walbourn
xsimd,git@github.com:xtensor-stack/xsimd.git,xtensor-stack
PolyHook,git@github.com:stevemk14ebr/PolyHook.git,stevemk14ebr
DirectXMath,git@github.com:microsoft/DirectXMath.git,microsoft
rtaudio,git@github.com:thestk/rtaudio.git,thestk
oxygine-framework,git@github.com:oxygine/oxygine-framework.git,oxygine
xlnt,git@github.com:tfussell/xlnt.git,tfussell
Simple-WebSocket-Server,git@github.com:eidheim/Simple-WebSocket-Server.git,eidheim
ToyPathTracer,git@github.com:aras-p/ToyPathTracer.git,aras-p
memory-allocators,git@github.com:mtrebi/memory-allocators.git,mtrebi
cr,git@github.com:fungos/cr.git,fungos
liquibook,git@github.com:enewhuis/liquibook.git,enewhuis
KCFcpp,git@github.com:joaofaro/KCFcpp.git,joaofaro
Clara,git@github.com:catchorg/Clara.git,catchorg
rapidcheck,git@github.com:emil-e/rapidcheck.git,emil-e
cinatra,git@github.com:qicosmos/cinatra.git,qicosmos
CtCI-6th-Edition-cpp,git@github.com:careercup/CtCI-6th-Edition-cpp.git,careercup
Streams,git@github.com:jscheiny/Streams.git,jscheiny
elements,git@github.com:cycfi/elements.git,cycfi
di,git@github.com:boost-experimental/di.git,boost-experimental
glbinding,git@github.com:cginternals/glbinding.git,cginternals
tinygltf,git@github.com:syoyo/tinygltf.git,syoyo
vpp,git@github.com:matt-42/vpp.git,matt-42
NanoLog,git@github.com:PlatformLab/NanoLog.git,PlatformLab
stdman,git@github.com:jeaye/stdman.git,jeaye
RaftLib,git@github.com:RaftLib/RaftLib.git,RaftLib
nameof,git@github.com:Neargye/nameof.git,Neargye
Osiris,git@github.com:danielkrupinski/Osiris.git,danielkrupinski
vexcl,git@github.com:ddemidov/vexcl.git,ddemidov
Cpp-0-1-Resource,git@github.com:AnkerLeng/Cpp-0-1-Resource.git,AnkerLeng
CZXing,git@github.com:devilsen/CZXing.git,devilsen
Sprout,git@github.com:bolero-MURAKAMI/Sprout.git,bolero-MURAKAMI
cutelyst,git@github.com:cutelyst/cutelyst.git,cutelyst
marian,git@github.com:marian-nmt/marian.git,marian-nmt
Hercules,git@github.com:HerculesWS/Hercules.git,HerculesWS
libjson-rpc-cpp,git@github.com:cinemast/libjson-rpc-cpp.git,cinemast
falltergeist,git@github.com:falltergeist/falltergeist.git,falltergeist
Linq,git@github.com:pfultz2/Linq.git,pfultz2
served,git@github.com:meltwater/served.git,meltwater
standardese,git@github.com:standardese/standardese.git,standardese
alembic,git@github.com:alembic/alembic.git,alembic
meta,git@github.com:meta-toolkit/meta.git,meta-toolkit
dll,git@github.com:wichtounet/dll.git,wichtounet
esphome-core,git@github.com:esphome/esphome-core.git,esphome
opendht,git@github.com:savoirfairelinux/opendht.git,savoirfairelinux
nova-renderer,git@github.com:NovaMods/nova-renderer.git,NovaMods
Mesen,git@github.com:SourMesen/Mesen.git,SourMesen
frugally-deep,git@github.com:Dobiasd/frugally-deep.git,Dobiasd
g3log,git@github.com:KjellKod/g3log.git,KjellKod
xeus,git@github.com:jupyter-xeus/xeus.git,jupyter-xeus
CppNumericalSolvers,git@github.com:PatWie/CppNumericalSolvers.git,PatWie
v8pp,git@github.com:pmed/v8pp.git,pmed
cpp-dependencies,git@github.com:tomtom-international/cpp-dependencies.git,tomtom-international
FastPFor,git@github.com:lemire/FastPFor.git,lemire
clipp,git@github.com:muellan/clipp.git,muellan
sonar-cxx,git@github.com:SonarOpenCommunity/sonar-cxx.git,SonarOpenCommunity
MemoryPool,git@github.com:cacay/MemoryPool.git,cacay
IcePlayer,git@github.com:FreedomZZQ/IcePlayer.git,FreedomZZQ
cmake-init,git@github.com:cginternals/cmake-init.git,cginternals
hiberlite,git@github.com:paulftw/hiberlite.git,paulftw
ATen,git@github.com:zdevito/ATen.git,zdevito
continuable,git@github.com:Naios/continuable.git,Naios
cinatra,git@github.com:topcpporg/cinatra.git,topcpporg
symengine,git@github.com:symengine/symengine.git,symengine
dr_strangetemplate,git@github.com:MCGallaspy/dr_strangetemplate.git,MCGallaspy
utfcpp,git@github.com:nemtrif/utfcpp.git,nemtrif
py14,git@github.com:lukasmartinelli/py14.git,lukasmartinelli
units,git@github.com:nholthaus/units.git,nholthaus
Acid,git@github.com:EQMG/Acid.git,EQMG
LintCode,git@github.com:kamyu104/LintCode.git,kamyu104
DirectXTK12,git@github.com:microsoft/DirectXTK12.git,microsoft
kokkos,git@github.com:kokkos/kokkos.git,kokkos
csmith,git@github.com:csmith-project/csmith.git,csmith-project
ADVobfuscator,git@github.com:andrivet/ADVobfuscator.git,andrivet
FreeNOS,git@github.com:nieklinnenbank/FreeNOS.git,nieklinnenbank
EtherealEngine,git@github.com:volcoma/EtherealEngine.git,volcoma
sqlite_modern_cpp,git@github.com:SqliteModernCpp/sqlite_modern_cpp.git,SqliteModernCpp
OpenTracker,git@github.com:rockkingjy/OpenTracker.git,rockkingjy
ZLToolKit,git@github.com:xiongziliang/ZLToolKit.git,xiongziliang
Celero,git@github.com:DigitalInBlue/Celero.git,DigitalInBlue
Data-Structure-And-Algorithm,git@github.com:mmc-maodun/Data-Structure-And-Algorithm.git,mmc-maodun
Pavlov.js,git@github.com:NathanEpstein/Pavlov.js.git,NathanEpstein
CToy,git@github.com:anael-seghezzi/CToy.git,anael-seghezzi
Rcpp,git@github.com:RcppCore/Rcpp.git,RcppCore
uMario_Jakowski,git@github.com:jakowskidev/uMario_Jakowski.git,jakowskidev
gsl-lite,git@github.com:martinmoene/gsl-lite.git,martinmoene
keras2cpp,git@github.com:pplonski/keras2cpp.git,pplonski
thrill,git@github.com:thrill/thrill.git,thrill
casadi,git@github.com:casadi/casadi.git,casadi
codequery,git@github.com:ruben2020/codequery.git,ruben2020
OpenDDS,git@github.com:objectcomputing/OpenDDS.git,objectcomputing
libspatialindex,git@github.com:libspatialindex/libspatialindex.git,libspatialindex
quantlib-old,git@github.com:lballabio/quantlib-old.git,lballabio
brigand,git@github.com:edouarda/brigand.git,edouarda
frozen,git@github.com:serge-sans-paille/frozen.git,serge-sans-paille
LeetCode,git@github.com:Jack-Cherish/LeetCode.git,Jack-Cherish
cnpy,git@github.com:rogersce/cnpy.git,rogersce
gainput,git@github.com:jkuhlmann/gainput.git,jkuhlmann
linalg,git@github.com:sgorsten/linalg.git,sgorsten
kalman,git@github.com:mherb/kalman.git,mherb
linear-cpp,git@github.com:jesyspa/linear-cpp.git,jesyspa
oglplus,git@github.com:matus-chochlik/oglplus.git,matus-chochlik
indicators,git@github.com:p-ranav/indicators.git,p-ranav
libsocket,git@github.com:dermesser/libsocket.git,dermesser
tufao,git@github.com:vinipsmaker/tufao.git,vinipsmaker
ngrok-c,git@github.com:dosgo/ngrok-c.git,dosgo
voxel-cone-tracing,git@github.com:Friduric/voxel-cone-tracing.git,Friduric
wgtcc,git@github.com:wgtdkp/wgtcc.git,wgtdkp
cosmos,git@github.com:qicosmos/cosmos.git,qicosmos
lzham_codec,git@github.com:richgel999/lzham_codec.git,richgel999
stk,git@github.com:thestk/stk.git,thestk
cpp-serializers,git@github.com:thekvs/cpp-serializers.git,thekvs
dynamix,git@github.com:iboB/dynamix.git,iboB
PolyHook_2_0,git@github.com:stevemk14ebr/PolyHook_2_0.git,stevemk14ebr
DBoW2,git@github.com:dorian3d/DBoW2.git,dorian3d
MachineLearning-C---code,git@github.com:pennyliang/MachineLearning-C---code.git,pennyliang
FastNoiseSIMD,git@github.com:Auburns/FastNoiseSIMD.git,Auburns
AMQP-CPP,git@github.com:CopernicaMarketingSoftware/AMQP-CPP.git,CopernicaMarketingSoftware
easyLambda,git@github.com:haptork/easyLambda.git,haptork
brynet,git@github.com:IronsDu/brynet.git,IronsDu
hof,git@github.com:boostorg/hof.git,boostorg
HopsonCraft,git@github.com:Hopson97/HopsonCraft.git,Hopson97
cpp-cheatsheet,git@github.com:mortennobel/cpp-cheatsheet.git,mortennobel
mfem,git@github.com:mfem/mfem.git,mfem
elle,git@github.com:infinit/elle.git,infinit
hat-trie,git@github.com:Tessil/hat-trie.git,Tessil
30-seconds-of-cpp,git@github.com:Bhupesh-V/30-seconds-of-cpp.git,Bhupesh-V
algorithm,git@github.com:spaghetti-source/algorithm.git,spaghetti-source
QuickQanava,git@github.com:cneben/QuickQanava.git,cneben
sajson,git@github.com:chadaustin/sajson.git,chadaustin
cxx-prettyprint,git@github.com:louisdx/cxx-prettyprint.git,louisdx
FBReader,git@github.com:geometer/FBReader.git,geometer
ouzel,git@github.com:elnormous/ouzel.git,elnormous
marl,git@github.com:google/marl.git,google
Super-Template-Tetris,git@github.com:mattbierner/Super-Template-Tetris.git,mattbierner
atria,git@github.com:Ableton/atria.git,Ableton
LucenePlusPlus,git@github.com:luceneplusplus/LucenePlusPlus.git,luceneplusplus
Cell,git@github.com:JoeyDeVries/Cell.git,JoeyDeVries
libco,git@github.com:tencent-wechat/libco.git,tencent-wechat
seasocks,git@github.com:mattgodbolt/seasocks.git,mattgodbolt
MathGeoLib,git@github.com:juj/MathGeoLib.git,juj
gtsam,git@github.com:borglab/gtsam.git,borglab
named-operator,git@github.com:klmr/named-operator.git,klmr
Okasaki,git@github.com:BartoszMilewski/Okasaki.git,BartoszMilewski
libmc,git@github.com:douban/libmc.git,douban
anax,git@github.com:miguelmartin75/anax.git,miguelmartin75
simpleini,git@github.com:brofield/simpleini.git,brofield
Kernel-Bridge,git@github.com:HoShiMin/Kernel-Bridge.git,HoShiMin
easywsclient,git@github.com:dhbaird/easywsclient.git,dhbaird
coho,git@github.com:webcoyote/coho.git,webcoyote
cpp11-on-multicore,git@github.com:preshing/cpp11-on-multicore.git,preshing
svpng,git@github.com:miloyip/svpng.git,miloyip
mull,git@github.com:mull-project/mull.git,mull-project
turf,git@github.com:preshing/turf.git,preshing
pystring,git@github.com:imageworks/pystring.git,imageworks
caffe2_cpp_tutorial,git@github.com:leonardvandriel/caffe2_cpp_tutorial.git,leonardvandriel
qmf,git@github.com:quora/qmf.git,quora
rtmidi,git@github.com:thestk/rtmidi.git,thestk
pagmo2,git@github.com:esa/pagmo2.git,esa
zxing-cpp,git@github.com:glassechidna/zxing-cpp.git,glassechidna
inja,git@github.com:pantor/inja.git,pantor
hvpp,git@github.com:wbenny/hvpp.git,wbenny
AI-Toolbox,git@github.com:Svalorzen/AI-Toolbox.git,Svalorzen
Mesh-processing-library,git@github.com:microsoft/Mesh-processing-library.git,microsoft
StandardCplusplus,git@github.com:maniacbug/StandardCplusplus.git,maniacbug
freeopcua,git@github.com:FreeOpcUa/freeopcua.git,FreeOpcUa
trompeloeil,git@github.com:rollbear/trompeloeil.git,rollbear
macchina.io,git@github.com:macchina-io/macchina.io.git,macchina-io
huestacean,git@github.com:BradyBrenot/huestacean.git,BradyBrenot
unittest-cpp,git@github.com:unittest-cpp/unittest-cpp.git,unittest-cpp
QR-Code-Encoder-for-Objective-C,git@github.com:myang-git/QR-Code-Encoder-for-Objective-C.git,myang-git
Kratos,git@github.com:KratosMultiphysics/Kratos.git,KratosMultiphysics
chromaprint,git@github.com:acoustid/chromaprint.git,acoustid
cppnow_presentations_2014,git@github.com:boostcon/cppnow_presentations_2014.git,boostcon
curlcpp,git@github.com:JosephP91/curlcpp.git,JosephP91
gpu-fluid,git@github.com:tunabrain/gpu-fluid.git,tunabrain
tabulate,git@github.com:p-ranav/tabulate.git,p-ranav
otclient,git@github.com:edubart/otclient.git,edubart
sml,git@github.com:boost-experimental/sml.git,boost-experimental
CPP-Reflection,git@github.com:AustinBrunkhorst/CPP-Reflection.git,AustinBrunkhorst
functionsimsearch,git@github.com:googleprojectzero/functionsimsearch.git,googleprojectzero
vcglib,git@github.com:cnr-isti-vclab/vcglib.git,cnr-isti-vclab
cctz,git@github.com:google/cctz.git,google
psi4,git@github.com:psi4/psi4.git,psi4
mstch,git@github.com:no1msd/mstch.git,no1msd
Fido,git@github.com:FidoProject/Fido.git,FidoProject
metashell,git@github.com:metashell/metashell.git,metashell
brown-cluster,git@github.com:percyliang/brown-cluster.git,percyliang
DataFrame,git@github.com:hosseinmoein/DataFrame.git,hosseinmoein
superviseddescent,git@github.com:patrikhuber/superviseddescent.git,patrikhuber
Lilith,git@github.com:werkamsus/Lilith.git,werkamsus
dragonffi,git@github.com:aguinet/dragonffi.git,aguinet
Tonic,git@github.com:TonicAudio/Tonic.git,TonicAudio
patterns,git@github.com:mpark/patterns.git,mpark
pdbex,git@github.com:wbenny/pdbex.git,wbenny
disruptor--,git@github.com:fsaintjacques/disruptor--.git,fsaintjacques
math,git@github.com:stan-dev/math.git,stan-dev
pcg-cpp,git@github.com:imneme/pcg-cpp.git,imneme
RosettaStone,git@github.com:utilForever/RosettaStone.git,utilForever
swiftpp,git@github.com:sandym/swiftpp.git,sandym
shedskin,git@github.com:shedskin/shedskin.git,shedskin
libopenshot,git@github.com:OpenShot/libopenshot.git,OpenShot
cpbook-code,git@github.com:stevenhalim/cpbook-code.git,stevenhalim
RottenPotatoNG,git@github.com:breenmachine/RottenPotatoNG.git,breenmachine
design-patterns-cpp,git@github.com:JakubVojvoda/design-patterns-cpp.git,JakubVojvoda
CppMicroServices,git@github.com:CppMicroServices/CppMicroServices.git,CppMicroServices
reactphysics3d,git@github.com:DanielChappuis/reactphysics3d.git,DanielChappuis
ecst,git@github.com:SuperV1234/ecst.git,SuperV1234
word2vec,git@github.com:jdeng/word2vec.git,jdeng
transwarp,git@github.com:bloomen/transwarp.git,bloomen
optional,git@github.com:TartanLlama/optional.git,TartanLlama
variant,git@github.com:mpark/variant.git,mpark
globjects,git@github.com:cginternals/globjects.git,cginternals
sourceweb,git@github.com:rprichard/sourceweb.git,rprichard
Engine,git@github.com:HeliumProject/Engine.git,HeliumProject
tinyformat,git@github.com:c42f/tinyformat.git,c42f
ponder,git@github.com:billyquith/ponder.git,billyquith
openvpn3,git@github.com:OpenVPN/openvpn3.git,OpenVPN
midifile,git@github.com:craigsapp/midifile.git,craigsapp
qt5-book-code,git@github.com:mutse/qt5-book-code.git,mutse
hcc,git@github.com:RadeonOpenCompute/hcc.git,RadeonOpenCompute
opengm,git@github.com:opengm/opengm.git,opengm
Algorithms,git@github.com:PetarV-/Algorithms.git,PetarV-
random,git@github.com:effolkronium/random.git,effolkronium
hopscotch-map,git@github.com:Tessil/hopscotch-map.git,Tessil
kiwi,git@github.com:nucleic/kiwi.git,nucleic
LeetCode,git@github.com:liuchuo/LeetCode.git,liuchuo
spectra,git@github.com:yixuan/spectra.git,yixuan
see-phit,git@github.com:rep-movsd/see-phit.git,rep-movsd
copperspice,git@github.com:copperspice/copperspice.git,copperspice
argparse,git@github.com:p-ranav/argparse.git,p-ranav
waifu2x-converter-cpp,git@github.com:WL-Amigo/waifu2x-converter-cpp.git,WL-Amigo
tweeny,git@github.com:mobius3/tweeny.git,mobius3
sqlite3pp,git@github.com:iwongu/sqlite3pp.git,iwongu
libnode,git@github.com:plenluno/libnode.git,plenluno
EWAHBoolArray,git@github.com:lemire/EWAHBoolArray.git,lemire
ensmallen,git@github.com:mlpack/ensmallen.git,mlpack
pc_wechat_hook,git@github.com:hedada-hc/pc_wechat_hook.git,hedada-hc
DesignPatterns,git@github.com:Waleon/DesignPatterns.git,Waleon
kys-cpp,git@github.com:scarsty/kys-cpp.git,scarsty
SG14,git@github.com:WG21-SG14/SG14.git,WG21-SG14
cilantro,git@github.com:kzampog/cilantro.git,kzampog
ormpp,git@github.com:qicosmos/ormpp.git,qicosmos
ffead-cpp,git@github.com:sumeetchhetri/ffead-cpp.git,sumeetchhetri
face-alignment-in-3000fps,git@github.com:yulequan/face-alignment-in-3000fps.git,yulequan
ctti,git@github.com:Manu343726/ctti.git,Manu343726
bundle,git@github.com:r-lyeh-archived/bundle.git,r-lyeh-archived
pytorch-cpp,git@github.com:warmspringwinds/pytorch-cpp.git,warmspringwinds
Exercises-Solutions,git@github.com:HandsOnOpenCL/Exercises-Solutions.git,HandsOnOpenCL
poac,git@github.com:poacpm/poac.git,poacpm
cerl,git@github.com:qiniu/cerl.git,qiniu
maxent,git@github.com:lzhang10/maxent.git,lzhang10
simdb,git@github.com:LiveAsynchronousVisualizedArchitecture/simdb.git,LiveAsynchronousVisualizedArchitecture
thread-pool-cpp,git@github.com:inkooboo/thread-pool-cpp.git,inkooboo
Handmade-Math,git@github.com:HandmadeMath/Handmade-Math.git,HandmadeMath
pinjectra,git@github.com:SafeBreach-Labs/pinjectra.git,SafeBreach-Labs
OpenCppCoverage,git@github.com:OpenCppCoverage/OpenCppCoverage.git,OpenCppCoverage
termcolor,git@github.com:ikalnytskyi/termcolor.git,ikalnytskyi
SkyFire.406a,git@github.com:ProjectSkyfire/SkyFire.406a.git,ProjectSkyfire
vcflib,git@github.com:vcflib/vcflib.git,vcflib
px,git@github.com:pplux/px.git,pplux
DragonBonesCPP,git@github.com:DragonBones/DragonBonesCPP.git,DragonBones
jsonxx,git@github.com:hjiang/jsonxx.git,hjiang
falcon,git@github.com:rjpower/falcon.git,rjpower
robin-hood-hashing,git@github.com:martinus/robin-hood-hashing.git,martinus
caffe_rtpose,git@github.com:CMU-Perceptual-Computing-Lab/caffe_rtpose.git,CMU-Perceptual-Computing-Lab
libpqxx,git@github.com:jtv/libpqxx.git,jtv
tacopie,git@github.com:Cylix/tacopie.git,Cylix
expected,git@github.com:TartanLlama/expected.git,TartanLlama
libdnn,git@github.com:poweic/libdnn.git,poweic
PBCharacterMovement,git@github.com:ProjectBorealis/PBCharacterMovement.git,ProjectBorealis
restinio,git@github.com:Stiffstream/restinio.git,Stiffstream
NanoLog,git@github.com:Iyengar111/NanoLog.git,Iyengar111
DS_Code,git@github.com:xuzhezhaozhao/DS_Code.git,xuzhezhaozhao
tango-examples-c,git@github.com:googlearchive/tango-examples-c.git,googlearchive
qhttp,git@github.com:azadkuh/qhttp.git,azadkuh
libSDL2pp,git@github.com:libSDL2pp/libSDL2pp.git,libSDL2pp
iv,git@github.com:Constellation/iv.git,Constellation
CPPHelper,git@github.com:Chuyu-Team/CPPHelper.git,Chuyu-Team
SSVOpenHexagon,git@github.com:SuperV1234/SSVOpenHexagon.git,SuperV1234
BehaviorTree.CPP,git@github.com:BehaviorTree/BehaviorTree.CPP.git,BehaviorTree
libhttpserver,git@github.com:etr/libhttpserver.git,etr
Bolt,git@github.com:HSA-Libraries/Bolt.git,HSA-Libraries
open-api-v3-sdk,git@github.com:okcoin-okex/open-api-v3-sdk.git,okcoin-okex
redox,git@github.com:hmartiro/redox.git,hmartiro
Vlpp,git@github.com:vczh-libraries/Vlpp.git,vczh-libraries
OpenSiv3D,git@github.com:Siv3D/OpenSiv3D.git,Siv3D
PicoSHA2,git@github.com:okdshin/PicoSHA2.git,okdshin
psychec,git@github.com:ltcmelo/psychec.git,ltcmelo
hayai,git@github.com:nickbruun/hayai.git,nickbruun
lua-intf,git@github.com:SteveKChiu/lua-intf.git,SteveKChiu
Effective-Modern-Cpp,git@github.com:BartVandewoestyne/Effective-Modern-Cpp.git,BartVandewoestyne
ARK,git@github.com:ArkNX/ARK.git,ArkNX
nodecpp-demo,git@github.com:freezer333/nodecpp-demo.git,freezer333
stackless_coroutine,git@github.com:jbandela/stackless_coroutine.git,jbandela
pe-parse,git@github.com:trailofbits/pe-parse.git,trailofbits
robin-map,git@github.com:Tessil/robin-map.git,Tessil
coroutine,git@github.com:tonbit/coroutine.git,tonbit
QSyncthingTray,git@github.com:sieren/QSyncthingTray.git,sieren
aquila,git@github.com:zsiciarz/aquila.git,zsiciarz
MTCNN,git@github.com:foreverYoungGitHub/MTCNN.git,foreverYoungGitHub
executors,git@github.com:chriskohlhoff/executors.git,chriskohlhoff
QQrobot,git@github.com:vipjeffreylee/QQrobot.git,vipjeffreylee
BlueshiftEngine,git@github.com:PolygonTek/BlueshiftEngine.git,PolygonTek
vigra,git@github.com:ukoethe/vigra.git,ukoethe
ngrest,git@github.com:loentar/ngrest.git,loentar
sim,git@github.com:ideawu/sim.git,ideawu
CppVerbalExpressions,git@github.com:VerbalExpressions/CppVerbalExpressions.git,VerbalExpressions
Hypodermic,git@github.com:ybainier/Hypodermic.git,ybainier
NamedType,git@github.com:joboccara/NamedType.git,joboccara
ProjectTox-Qt-GUI,git@github.com:nurupo/ProjectTox-Qt-GUI.git,nurupo
cli,git@github.com:daniele77/cli.git,daniele77
cesium-terrain-builder,git@github.com:geo-data/cesium-terrain-builder.git,geo-data
cpp-sort,git@github.com:Morwenn/cpp-sort.git,Morwenn
nn,git@github.com:dropbox/nn.git,dropbox
prometheus-cpp,git@github.com:jupp0r/prometheus-cpp.git,jupp0r
CPPWebFramework,git@github.com:HerikLyma/CPPWebFramework.git,HerikLyma
Squally,git@github.com:Squalr/Squally.git,Squalr
completely-unscientific-benchmarks,git@github.com:frol/completely-unscientific-benchmarks.git,frol
DirectX11-With-Windows-SDK,git@github.com:MKXJun/DirectX11-With-Windows-SDK.git,MKXJun
obfusion,git@github.com:kgretzky/obfusion.git,kgretzky
TrojanCockroach,git@github.com:MinhasKamal/TrojanCockroach.git,MinhasKamal
cppkafka,git@github.com:mfontanini/cppkafka.git,mfontanini
llvm-cbe,git@github.com:JuliaComputing/llvm-cbe.git,JuliaComputing
libnop,git@github.com:google/libnop.git,google
FastBinaryEncoding,git@github.com:chronoxor/FastBinaryEncoding.git,chronoxor
cpp-driver,git@github.com:datastax/cpp-driver.git,datastax
mineserver,git@github.com:fador/mineserver.git,fador
lest,git@github.com:martinmoene/lest.git,martinmoene
hedley,git@github.com:nemequ/hedley.git,nemequ
log4z,git@github.com:zsummer/log4z.git,zsummer
libmorton,git@github.com:Forceflow/libmorton.git,Forceflow
sql-parser,git@github.com:hyrise/sql-parser.git,hyrise
bamtools,git@github.com:pezmaster31/bamtools.git,pezmaster31
triSYCL,git@github.com:triSYCL/triSYCL.git,triSYCL
CastXML,git@github.com:CastXML/CastXML.git,CastXML
Kvasir,git@github.com:kvasir-io/Kvasir.git,kvasir-io
CMock,git@github.com:ThrowTheSwitch/CMock.git,ThrowTheSwitch
comfortable-swipe,git@github.com:Hikari9/comfortable-swipe.git,Hikari9
sylar,git@github.com:sylar-yin/sylar.git,sylar-yin
restc-cpp,git@github.com:jgaa/restc-cpp.git,jgaa
resiprocate,git@github.com:resiprocate/resiprocate.git,resiprocate
distortos,git@github.com:DISTORTEC/distortos.git,DISTORTEC
emilib,git@github.com:emilk/emilib.git,emilk
UEWebsocket,git@github.com:feixuwu/UEWebsocket.git,feixuwu
cppcodec,git@github.com:tplgy/cppcodec.git,tplgy
pyemd,git@github.com:wmayner/pyemd.git,wmayner
opencv_tutorial,git@github.com:gloomyfish1998/opencv_tutorial.git,gloomyfish1998
rbm-mnist,git@github.com:jdeng/rbm-mnist.git,jdeng
pipes,git@github.com:joboccara/pipes.git,joboccara
NuDB,git@github.com:CPPAlliance/NuDB.git,CPPAlliance
cnl,git@github.com:johnmcfarlane/cnl.git,johnmcfarlane
redis-cpp17,git@github.com:danielshaving/redis-cpp17.git,danielshaving
reckless,git@github.com:mattiasflodin/reckless.git,mattiasflodin
ci_helloworld,git@github.com:ainfosec/ci_helloworld.git,ainfosec
modern,git@github.com:kennykerr/modern.git,kennykerr
Mesh-processing-library,git@github.com:hhoppe/Mesh-processing-library.git,hhoppe
astar-algorithm-cpp,git@github.com:justinhj/astar-algorithm-cpp.git,justinhj
pytorch-cpp-rl,git@github.com:Omegastick/pytorch-cpp-rl.git,Omegastick
svgpp,git@github.com:svgpp/svgpp.git,svgpp
tinyfsm,git@github.com:digint/tinyfsm.git,digint
jsoncons,git@github.com:danielaparker/jsoncons.git,danielaparker
SkyFire_548,git@github.com:ProjectSkyfire/SkyFire_548.git,ProjectSkyfire
tgbot-cpp,git@github.com:reo7sp/tgbot-cpp.git,reo7sp
google-api-cpp-client,git@github.com:google/google-api-cpp-client.git,google
cmake-templates,git@github.com:district10/cmake-templates.git,district10
cat,git@github.com:awgn/cat.git,awgn
WebRtc.NET,git@github.com:radioman/WebRtc.NET.git,radioman
nonius,git@github.com:libnonius/nonius.git,libnonius
CodeCompass,git@github.com:Ericsson/CodeCompass.git,Ericsson
opensim-core,git@github.com:opensim-org/opensim-core.git,opensim-org
fix8,git@github.com:fix8/fix8.git,fix8
delaunay-triangulation,git@github.com:Bl4ckb0ne/delaunay-triangulation.git,Bl4ckb0ne
gason,git@github.com:vivkin/gason.git,vivkin
engine,git@github.com:StarEngine/engine.git,StarEngine
TeamViewer_Permissions_Hook_V1,git@github.com:gellin/TeamViewer_Permissions_Hook_V1.git,gellin
variant,git@github.com:mapbox/variant.git,mapbox
autodiff,git@github.com:autodiff/autodiff.git,autodiff
uThreads,git@github.com:samanbarghi/uThreads.git,samanbarghi
amgcl,git@github.com:ddemidov/amgcl.git,ddemidov
SaferCPlusPlus,git@github.com:duneroadrunner/SaferCPlusPlus.git,duneroadrunner
RetinaFace-Cpp,git@github.com:Charrin/RetinaFace-Cpp.git,Charrin
crossguid,git@github.com:graeme-hill/crossguid.git,graeme-hill
nyaa-nodejs-demo,git@github.com:XadillaX/nyaa-nodejs-demo.git,XadillaX
sirikali,git@github.com:mhogomchungu/sirikali.git,mhogomchungu
TGUI,git@github.com:texus/TGUI.git,texus
SceneLib2,git@github.com:hanmekim/SceneLib2.git,hanmekim
souffle,git@github.com:souffle-lang/souffle.git,souffle-lang
cusplibrary,git@github.com:cusplibrary/cusplibrary.git,cusplibrary
pokerth,git@github.com:pokerth/pokerth.git,pokerth
SierraBreeze,git@github.com:ishovkun/SierraBreeze.git,ishovkun
ultramemcache,git@github.com:esnme/ultramemcache.git,esnme
rgf,git@github.com:RGF-team/rgf.git,RGF-team
libdynd,git@github.com:libdynd/libdynd.git,libdynd
Viry3D,git@github.com:stackos/Viry3D.git,stackos
TerrainEngine-OpenGL,git@github.com:fede-vaccaro/TerrainEngine-OpenGL.git,fede-vaccaro
yasio,git@github.com:simdsoft/yasio.git,simdsoft
Adafruit_CC3000_Library,git@github.com:adafruit/Adafruit_CC3000_Library.git,adafruit
minpt,git@github.com:hi2p-perim/minpt.git,hi2p-perim
drafter,git@github.com:apiaryio/drafter.git,apiaryio
Optional,git@github.com:akrzemi1/Optional.git,akrzemi1
cista,git@github.com:felixguendling/cista.git,felixguendling
GreedySnake,git@github.com:silence1772/GreedySnake.git,silence1772
dod-playground,git@github.com:aras-p/dod-playground.git,aras-p
mysql-connector-cpp,git@github.com:mysql/mysql-connector-cpp.git,mysql
hello_tf_c_api,git@github.com:Neargye/hello_tf_c_api.git,Neargye
mapreduce,git@github.com:cdmh/mapreduce.git,cdmh
splinter,git@github.com:bgrimstad/splinter.git,bgrimstad
SharpNeedle,git@github.com:ChadSki/SharpNeedle.git,ChadSki
libbf,git@github.com:mavam/libbf.git,mavam
ECS,git@github.com:redxdev/ECS.git,redxdev
Algos,git@github.com:faheel/Algos.git,faheel
MPMCQueue,git@github.com:rigtorp/MPMCQueue.git,rigtorp
opencv-code,git@github.com:bsdnoobz/opencv-code.git,bsdnoobz
pitchfork,git@github.com:vector-of-bool/pitchfork.git,vector-of-bool
immutable-cpp,git@github.com:rsms/immutable-cpp.git,rsms
json,git@github.com:taocpp/json.git,taocpp
nupic.core,git@github.com:numenta/nupic.core.git,numenta
tinyply,git@github.com:ddiakopoulos/tinyply.git,ddiakopoulos
optim,git@github.com:kthohr/optim.git,kthohr
CodingInterviewsNotes,git@github.com:yzhu798/CodingInterviewsNotes.git,yzhu798
cinolib,git@github.com:mlivesu/cinolib.git,mlivesu
stereo-calibration,git@github.com:sourishg/stereo-calibration.git,sourishg
co2,git@github.com:jamboree/co2.git,jamboree
tiny-process-library,git@github.com:eidheim/tiny-process-library.git,eidheim
qxmpp,git@github.com:qxmpp-project/qxmpp.git,qxmpp-project
face-alignment-at-3000fps,git@github.com:freesouls/face-alignment-at-3000fps.git,freesouls
towr,git@github.com:ethz-adrl/towr.git,ethz-adrl
exprtk,git@github.com:ArashPartow/exprtk.git,ArashPartow
thread-pool,git@github.com:mtrebi/thread-pool.git,mtrebi
libcopp,git@github.com:owt5008137/libcopp.git,owt5008137
thunder-trader,git@github.com:solopointer/thunder-trader.git,solopointer
boolinq,git@github.com:k06a/boolinq.git,k06a
ClanLib,git@github.com:sphair/ClanLib.git,sphair
v8plus,git@github.com:joyent/v8plus.git,joyent
HeartMaze,git@github.com:neolay/HeartMaze.git,neolay
ananas,git@github.com:loveyacper/ananas.git,loveyacper
Cpp-Design-Patterns,git@github.com:liu-jianhao/Cpp-Design-Patterns.git,liu-jianhao
cpp-base64,git@github.com:ReneNyffenegger/cpp-base64.git,ReneNyffenegger
krabsetw,git@github.com:microsoft/krabsetw.git,microsoft
LeetCode,git@github.com:wisdompeak/LeetCode.git,wisdompeak
MicroPather,git@github.com:leethomason/MicroPather.git,leethomason
Competitive-Coding,git@github.com:likecs/Competitive-Coding.git,likecs
vcftools,git@github.com:vcftools/vcftools.git,vcftools
Lanqiao,git@github.com:liuchuo/Lanqiao.git,liuchuo
observable,git@github.com:ddinu/observable.git,ddinu
zmqpp,git@github.com:zeromq/zmqpp.git,zeromq
sleepy-discord,git@github.com:yourWaifu/sleepy-discord.git,yourWaifu
odeint-v2,git@github.com:headmyshoulder/odeint-v2.git,headmyshoulder
StupidKeylogger,git@github.com:MinhasKamal/StupidKeylogger.git,MinhasKamal
gtest-cmake-example,git@github.com:dmonopoly/gtest-cmake-example.git,dmonopoly
Sapphire,git@github.com:SapphireServer/Sapphire.git,SapphireServer
rcrl,git@github.com:onqtam/rcrl.git,onqtam
pytorch-cpp,git@github.com:prabhuomkar/pytorch-cpp.git,prabhuomkar
corrade,git@github.com:mosra/corrade.git,mosra
checkedc-clang,git@github.com:microsoft/checkedc-clang.git,microsoft
filesystem,git@github.com:gulrak/filesystem.git,gulrak
ThreadPool,git@github.com:nbsdx/ThreadPool.git,nbsdx
xredis,git@github.com:0xsky/xredis.git,0xsky
blinkgc,git@github.com:weolar/blinkgc.git,weolar
Boost-Cookbook,git@github.com:apolukhin/Boost-Cookbook.git,apolukhin
clip,git@github.com:dacap/clip.git,dacap
qskinny,git@github.com:uwerat/qskinny.git,uwerat
orocos_kinematics_dynamics,git@github.com:orocos/orocos_kinematics_dynamics.git,orocos
cpp-peglib,git@github.com:yhirose/cpp-peglib.git,yhirose
SmtpClient-for-Qt,git@github.com:bluetiger9/SmtpClient-for-Qt.git,bluetiger9
neoGFX,git@github.com:i42output/neoGFX.git,i42output
modm,git@github.com:modm-io/modm.git,modm-io
cmake-project-template,git@github.com:kigster/cmake-project-template.git,kigster
Richkware,git@github.com:richkmeli/Richkware.git,richkmeli
MTCNN_Caffe,git@github.com:DaFuCoding/MTCNN_Caffe.git,DaFuCoding
JNIOOR,git@github.com:HuTianQi/JNIOOR.git,HuTianQi
godot-cpp,git@github.com:GodotNativeTools/godot-cpp.git,GodotNativeTools
practice-cpp,git@github.com:jwasham/practice-cpp.git,jwasham
libosmium,git@github.com:osmcode/libosmium.git,osmcode
kdevelop,git@github.com:KDE/kdevelop.git,KDE
CPY,git@github.com:vrsperanza/CPY.git,vrsperanza
modern-cpp-tutorial,git@github.com:utilForever/modern-cpp-tutorial.git,utilForever
tsimd,git@github.com:ospray/tsimd.git,ospray
cpp-subprocess,git@github.com:arun11299/cpp-subprocess.git,arun11299
libcrafter,git@github.com:pellegre/libcrafter.git,pellegre
rl,git@github.com:roboticslibrary/rl.git,roboticslibrary
FaceDetection,git@github.com:OAID/FaceDetection.git,OAID
hemi,git@github.com:harrism/hemi.git,harrism
wasmdec,git@github.com:wwwg/wasmdec.git,wwwg
TinyWeb,git@github.com:zhenhuli/TinyWeb.git,zhenhuli
AudioFile,git@github.com:adamstark/AudioFile.git,adamstark
libnyquist,git@github.com:ddiakopoulos/libnyquist.git,ddiakopoulos
rest_rpc,git@github.com:qicosmos/rest_rpc.git,qicosmos
CPP-Crash-Course,git@github.com:rougier/CPP-Crash-Course.git,rougier
Choreograph,git@github.com:sansumbrella/Choreograph.git,sansumbrella
Thyme,git@github.com:TheAssemblyArmada/Thyme.git,TheAssemblyArmada
span-lite,git@github.com:martinmoene/span-lite.git,martinmoene
cpp-utilities,git@github.com:eteran/cpp-utilities.git,eteran
SIMDCompressionAndIntersection,git@github.com:lemire/SIMDCompressionAndIntersection.git,lemire
XenoScan,git@github.com:nickcano/XenoScan.git,nickcano
bandit,git@github.com:banditcpp/bandit.git,banditcpp
Lugdunum,git@github.com:Lugdunum3D/Lugdunum.git,Lugdunum3D
toft,git@github.com:chen3feng/toft.git,chen3feng
VulkanSceneGraph,git@github.com:vsg-dev/VulkanSceneGraph.git,vsg-dev
gordon_cnn,git@github.com:liugaolian/gordon_cnn.git,liugaolian
cbmc,git@github.com:diffblue/cbmc.git,diffblue
Cpp-Primer-Plus,git@github.com:PytLab/Cpp-Primer-Plus.git,PytLab
core,git@github.com:mnmlstc/core.git,mnmlstc
thpp,git@github.com:facebookarchive/thpp.git,facebookarchive
CJsonObject,git@github.com:Bwar/CJsonObject.git,Bwar
SuperMarioBros-C,git@github.com:MitchellSternke/SuperMarioBros-C.git,MitchellSternke
ifopt,git@github.com:ethz-adrl/ifopt.git,ethz-adrl
glTF-SDK,git@github.com:microsoft/glTF-SDK.git,microsoft
visionaray,git@github.com:szellmann/visionaray.git,szellmann
cracking-the-coding-interview,git@github.com:alexhagiopol/cracking-the-coding-interview.git,alexhagiopol
Nebula,git@github.com:Bwar/Nebula.git,Bwar
taglib-ruby,git@github.com:robinst/taglib-ruby.git,robinst
libcmaes,git@github.com:beniz/libcmaes.git,beniz
pagmo,git@github.com:esa/pagmo.git,esa
ifcplusplus,git@github.com:ifcquery/ifcplusplus.git,ifcquery
SimpleAmqpClient,git@github.com:alanxz/SimpleAmqpClient.git,alanxz
mapreduce-lite,git@github.com:wangkuiyi/mapreduce-lite.git,wangkuiyi
kangaru,git@github.com:gracicot/kangaru.git,gracicot
TinyBasicPlus,git@github.com:BleuLlama/TinyBasicPlus.git,BleuLlama
hyde,git@github.com:adobe/hyde.git,adobe
SuperString,git@github.com:btwael/SuperString.git,btwael
scriptdev2,git@github.com:scriptdev2/scriptdev2.git,scriptdev2
limbo,git@github.com:schwering/limbo.git,schwering
metaverse,git@github.com:mvs-org/metaverse.git,mvs-org
LSHBOX,git@github.com:RSIA-LIESMARS-WHU/LSHBOX.git,RSIA-LIESMARS-WHU
tracking-by-detection,git@github.com:samuelmurray/tracking-by-detection.git,samuelmurray
CppServer,git@github.com:chronoxor/CppServer.git,chronoxor
eventpp,git@github.com:wqking/eventpp.git,wqking
xorstr,git@github.com:JustasMasiulis/xorstr.git,JustasMasiulis
manif,git@github.com:artivis/manif.git,artivis
edlib,git@github.com:Martinsos/edlib.git,Martinsos
corgi,git@github.com:google/corgi.git,google
Cpp-Primer-5th-Exercises,git@github.com:jaege/Cpp-Primer-5th-Exercises.git,jaege
optional-lite,git@github.com:martinmoene/optional-lite.git,martinmoene
IPC,git@github.com:microsoft/IPC.git,microsoft
jet-live,git@github.com:ddovod/jet-live.git,ddovod
NNplusplus,git@github.com:stagadish/NNplusplus.git,stagadish
ITensor,git@github.com:ITensor/ITensor.git,ITensor
opentrade,git@github.com:opentradesolutions/opentrade.git,opentradesolutions
PackerAttacker,git@github.com:BromiumLabs/PackerAttacker.git,BromiumLabs
cpp-lru-cache,git@github.com:lamerman/cpp-lru-cache.git,lamerman
llfio,git@github.com:ned14/llfio.git,ned14
SimpleRenderEngine,git@github.com:mortennobel/SimpleRenderEngine.git,mortennobel
Amalgamate,git@github.com:vinniefalco/Amalgamate.git,vinniefalco
QRCode,git@github.com:ricmoo/QRCode.git,ricmoo
OpenVPNAdapter,git@github.com:ss-abramchuk/OpenVPNAdapter.git,ss-abramchuk
bfp,git@github.com:libcg/bfp.git,libcg
HighFive,git@github.com:BlueBrain/HighFive.git,BlueBrain
nano-signal-slot,git@github.com:NoAvailableAlias/nano-signal-slot.git,NoAvailableAlias
voxels,git@github.com:stoyannk/voxels.git,stoyannk
jni.hpp,git@github.com:mapbox/jni.hpp.git,mapbox
meta,git@github.com:skypjack/meta.git,skypjack
w,git@github.com:simonask/w.git,simonask
Easy3D,git@github.com:LiangliangNan/Easy3D.git,LiangliangNan
LAN-Share,git@github.com:abdularis/LAN-Share.git,abdularis
gaia,git@github.com:MTG/gaia.git,MTG
LeanClub,git@github.com:typcn/LeanClub.git,typcn
autobahn-cpp,git@github.com:crossbario/autobahn-cpp.git,crossbario
unicorn-lib,git@github.com:CaptainCrowbar/unicorn-lib.git,CaptainCrowbar
aws-lambda-cpp,git@github.com:awslabs/aws-lambda-cpp.git,awslabs
cppfs,git@github.com:cginternals/cppfs.git,cginternals
VideoProcessingFramework,git@github.com:NVIDIA/VideoProcessingFramework.git,NVIDIA
SimpleFPSTemplate,git@github.com:tomlooman/SimpleFPSTemplate.git,tomlooman
lager,git@github.com:arximboldi/lager.git,arximboldi
raspicam,git@github.com:cedricve/raspicam.git,cedricve
ordered-map,git@github.com:Tessil/ordered-map.git,Tessil
selene,git@github.com:kmhofmann/selene.git,kmhofmann
VQEngine,git@github.com:vilbeyli/VQEngine.git,vilbeyli
Mustache,git@github.com:kainjow/Mustache.git,kainjow
neither,git@github.com:LoopPerfect/neither.git,LoopPerfect
P0267_RefImpl,git@github.com:cpp-io2d/P0267_RefImpl.git,cpp-io2d
plustache,git@github.com:mrtazz/plustache.git,mrtazz
Inline-Engine,git@github.com:petiaccja/Inline-Engine.git,petiaccja
tracey,git@github.com:r-lyeh-archived/tracey.git,r-lyeh-archived
opentracing-cpp,git@github.com:opentracing/opentracing-cpp.git,opentracing
skyscraper,git@github.com:muldjord/skyscraper.git,muldjord
mlcpp,git@github.com:Kolkir/mlcpp.git,Kolkir
zl_threadpool,git@github.com:lizhenghn123/zl_threadpool.git,lizhenghn123
kaguya,git@github.com:satoren/kaguya.git,satoren
cucumber-cpp,git@github.com:cucumber/cucumber-cpp.git,cucumber
NanoRange,git@github.com:tcbrindle/NanoRange.git,tcbrindle
caffe-faster-rcnn,git@github.com:D-X-Y/caffe-faster-rcnn.git,D-X-Y
Vookoo,git@github.com:andy-thomason/Vookoo.git,andy-thomason
cpp-netlib,git@github.com:glynos/cpp-netlib.git,glynos
MAVSDK,git@github.com:mavlink/MAVSDK.git,mavlink
ut,git@github.com:boost-experimental/ut.git,boost-experimental
plf_colony,git@github.com:mattreecebentley/plf_colony.git,mattreecebentley
hashmap,git@github.com:goossaert/hashmap.git,goossaert
rbfx,git@github.com:rokups/rbfx.git,rokups
threadpool11,git@github.com:tghosgor/threadpool11.git,tghosgor
VisualizationLibrary,git@github.com:MicBosi/VisualizationLibrary.git,MicBosi
zipper,git@github.com:sebastiandev/zipper.git,sebastiandev
rviz_visual_tools,git@github.com:PickNikRobotics/rviz_visual_tools.git,PickNikRobotics
DAWG,git@github.com:pytries/DAWG.git,pytries
histogram,git@github.com:boostorg/histogram.git,boostorg
cavestory-development,git@github.com:Limeoats/cavestory-development.git,Limeoats
argparse,git@github.com:hbristow/argparse.git,hbristow
ThorsSerializer,git@github.com:Loki-Astari/ThorsSerializer.git,Loki-Astari
spline,git@github.com:ttk592/spline.git,ttk592
wasm-c-api,git@github.com:WebAssembly/wasm-c-api.git,WebAssembly
cmcstl2,git@github.com:CaseyCarter/cmcstl2.git,CaseyCarter
nheko,git@github.com:Nheko-Reborn/nheko.git,Nheko-Reborn
visit_struct,git@github.com:cbeck88/visit_struct.git,cbeck88
kaldi-lstm,git@github.com:dophist/kaldi-lstm.git,dophist
promise-cpp,git@github.com:xhawk18/promise-cpp.git,xhawk18
portable-file-dialogs,git@github.com:samhocevar/portable-file-dialogs.git,samhocevar
zl_reactor,git@github.com:lizhenghn123/zl_reactor.git,lizhenghn123
json2pb,git@github.com:shramov/json2pb.git,shramov
control-toolbox,git@github.com:ethz-adrl/control-toolbox.git,ethz-adrl
comms_champion,git@github.com:arobenko/comms_champion.git,arobenko
librestd,git@github.com:evilsocket/librestd.git,evilsocket
octo-ns,git@github.com:Meituan-Dianping/octo-ns.git,Meituan-Dianping
stacktrace,git@github.com:boostorg/stacktrace.git,boostorg
xframe,git@github.com:xtensor-stack/xframe.git,xtensor-stack
libprocess,git@github.com:3rdparty/libprocess.git,3rdparty
STT-C-Compile-Time-Snake,git@github.com:mattbierner/STT-C-Compile-Time-Snake.git,mattbierner
stepcode,git@github.com:stepcode/stepcode.git,stepcode
unrealcpp,git@github.com:Harrison1/unrealcpp.git,Harrison1
bohrium,git@github.com:bh107/bohrium.git,bh107
stats,git@github.com:kthohr/stats.git,kthohr
hearthstone-ai,git@github.com:peter1591/hearthstone-ai.git,peter1591
qdjango,git@github.com:jlaine/qdjango.git,jlaine
Entitas-Cpp,git@github.com:JuDelCo/Entitas-Cpp.git,JuDelCo
lmdbxx,git@github.com:drycpp/lmdbxx.git,drycpp
libcvd,git@github.com:edrosten/libcvd.git,edrosten
creator_to_cocos2dx,git@github.com:cocos2d/creator_to_cocos2dx.git,cocos2d
stroustrup-ppp,git@github.com:bewuethr/stroustrup-ppp.git,bewuethr
gpick,git@github.com:thezbyg/gpick.git,thezbyg
encoder,git@github.com:0xPIT/encoder.git,0xPIT
JDA,git@github.com:luoyetx/JDA.git,luoyetx
cpd,git@github.com:gadomski/cpd.git,gadomski
xbox-live-api,git@github.com:microsoft/xbox-live-api.git,microsoft
zxing-cpp,git@github.com:nu-book/zxing-cpp.git,nu-book
csv,git@github.com:p-ranav/csv.git,p-ranav
sparsehash-c11,git@github.com:sparsehash/sparsehash-c11.git,sparsehash
Artemis-Cpp,git@github.com:vinova/Artemis-Cpp.git,vinova
font-manager,git@github.com:foliojs/font-manager.git,foliojs
node-gif,git@github.com:pkrumins/node-gif.git,pkrumins
kalman-cpp,git@github.com:hmartiro/kalman-cpp.git,hmartiro
ldb,git@github.com:heapwolf/ldb.git,heapwolf
fx-gltf,git@github.com:jessey-git/fx-gltf.git,jessey-git
hxcpp,git@github.com:HaxeFoundation/hxcpp.git,HaxeFoundation
gl-engine,git@github.com:JoshuaSenouf/gl-engine.git,JoshuaSenouf
BinderDemo,git@github.com:gburca/BinderDemo.git,gburca
CPP_COMPLETE,git@github.com:orangeduck/CPP_COMPLETE.git,orangeduck
qpp,git@github.com:softwareQinc/qpp.git,softwareQinc
cpp-android-basic-samples,git@github.com:playgameservices/cpp-android-basic-samples.git,playgameservices
networking-ts-impl,git@github.com:chriskohlhoff/networking-ts-impl.git,chriskohlhoff
pagerank,git@github.com:louridas/pagerank.git,louridas
rltk,git@github.com:thebracket/rltk.git,thebracket
WinToast,git@github.com:mohabouje/WinToast.git,mohabouje
RVO2,git@github.com:snape/RVO2.git,snape
SoftwareRenderer,git@github.com:Angelo1211/SoftwareRenderer.git,Angelo1211
Shoot-The-Chicken-3D,git@github.com:CHINA-JIGE/Shoot-The-Chicken-3D.git,CHINA-JIGE
SharpGenTools,git@github.com:SharpGenTools/SharpGenTools.git,SharpGenTools
Jinja2Cpp,git@github.com:jinja2cpp/Jinja2Cpp.git,jinja2cpp
CUV,git@github.com:deeplearningais/CUV.git,deeplearningais
minitrace,git@github.com:hrydgard/minitrace.git,hrydgard
CCF-CSP-and-PAT-solution,git@github.com:richenyunqi/CCF-CSP-and-PAT-solution.git,richenyunqi
Cpp-Tutorial-Samples,git@github.com:sinairv/Cpp-Tutorial-Samples.git,sinairv
Data-Structure,git@github.com:DLily0129/Data-Structure.git,DLily0129
FasterRCNN-Encapsulation-Cplusplus,git@github.com:YihangLou/FasterRCNN-Encapsulation-Cplusplus.git,YihangLou
inih,git@github.com:jtilly/inih.git,jtilly
face-alignment-at-3000fps,git@github.com:luoyetx/face-alignment-at-3000fps.git,luoyetx
open-license-manager,git@github.com:open-license-manager/open-license-manager.git,open-license-manager
ofpennereasing,git@github.com:jesusgollonet/ofpennereasing.git,jesusgollonet
feelpp,git@github.com:feelpp/feelpp.git,feelpp
BasicOpenFOAMProgrammingTutorials,git@github.com:UnnamedMoose/BasicOpenFOAMProgrammingTutorials.git,UnnamedMoose
Tick,git@github.com:pfultz2/Tick.git,pfultz2
threadpool,git@github.com:lzpong/threadpool.git,lzpong
jitify,git@github.com:NVIDIA/jitify.git,NVIDIA
fixed_point,git@github.com:johnmcfarlane/fixed_point.git,johnmcfarlane
vpp,git@github.com:nyorain/vpp.git,nyorain
CLRS,git@github.com:Mooophy/CLRS.git,Mooophy
2048,git@github.com:jvaelen/2048.git,jvaelen
CSerialPort,git@github.com:itas109/CSerialPort.git,itas109
filesystem,git@github.com:wjakob/filesystem.git,wjakob
easyexif,git@github.com:mayanklahiri/easyexif.git,mayanklahiri
pprintpp,git@github.com:tfc/pprintpp.git,tfc
zendAPI,git@github.com:Qihoo360/zendAPI.git,Qihoo360
netLink,git@github.com:Lichtso/netLink.git,Lichtso
ortclib-cpp,git@github.com:ortclib/ortclib-cpp.git,ortclib
rapidonvif,git@github.com:linkingvision/rapidonvif.git,linkingvision
nnForge,git@github.com:milakov/nnForge.git,milakov
fastmod,git@github.com:lemire/fastmod.git,lemire
WLANOptimizer,git@github.com:catid/WLANOptimizer.git,catid
uv-cpp,git@github.com:wlgq2/uv-cpp.git,wlgq2
MCF,git@github.com:lhmouse/MCF.git,lhmouse
RTree,git@github.com:nushoin/RTree.git,nushoin
